<?xml version="1.0" encoding="UTF-8" standalone="yes"?>
<addon id="plugin.program.spinztv" name="SpinzTv Wizard" version="1.0" provider-name="SpinzTv">
  <requires>
    <import addon="xbmc.python" version="2.1.0"/>
  </requires>
  <extension point="xbmc.python.pluginsource" library="default.py">
        <provides>executable</provides>
  </extension>
  <extension point="xbmc.addon.metadata">
    <summary lang="en">	SpinzTV Wizard</summary>
    <description lang="en">Easy Update Your Kodi Install</description>
    <platform>all</platform> 
  </extension>
</addon>
